region,age,gender,ethnic,health,count,disability_type
camden,youth,male,white,good,8707,disabled
camden,youth,male,mixed,good,39791,disabled
camden,youth,male,asian,good,8175,disabled
camden,youth,male,black,good,4740,disabled
camden,youth,male,other,good,177,disabled
camden,adult,male,white,good,2313,disabled
camden,adult,male,mixed,good,2053,disabled
camden,adult,male,asian,good,2702,disabled
camden,adult,male,black,good,68,disabled
camden,adult,male,other,good,1176,disabled
camden,middle aged,male,white,good,1583,disabled
camden,middle aged,male,mixed,good,1363,disabled
camden,middle aged,male,asian,good,60,disabled
camden,middle aged,male,black,good,244,disabled
camden,middle aged,male,other,good,130,disabled
camden,elderly,male,white,good,167,disabled
camden,elderly,male,mixed,good,39,disabled
camden,elderly,male,asian,good,379,disabled
camden,elderly,male,black,good,376,disabled
camden,elderly,male,other,good,693,disabled
camden,youth,male,white,fair,39,disabled
camden,youth,male,mixed,fair,856,disabled
camden,youth,male,asian,fair,1177,disabled
camden,youth,male,black,fair,1075,disabled
camden,youth,male,other,fair,104,disabled
camden,adult,male,white,fair,794,disabled
camden,adult,male,mixed,fair,372,disabled
camden,adult,male,asian,fair,601,disabled
camden,adult,male,black,fair,60,disabled
camden,adult,male,other,fair,690,disabled
camden,middle aged,male,white,fair,705,disabled
camden,middle aged,male,mixed,fair,1151,disabled
camden,middle aged,male,asian,fair,11,disabled
camden,middle aged,male,black,fair,213,disabled
camden,middle aged,male,other,fair,324,disabled
camden,elderly,male,white,fair,231,disabled
camden,elderly,male,mixed,fair,8543,disabled
camden,elderly,male,asian,fair,38753,disabled
camden,elderly,male,black,fair,7673,disabled
camden,elderly,male,other,fair,3972,disabled
camden,youth,male,white,bad,78,disabled
camden,youth,male,mixed,bad,1244,disabled
camden,youth,male,asian,bad,972,disabled
camden,youth,male,black,bad,858,disabled
camden,youth,male,other,bad,18,disabled
camden,adult,male,white,bad,107,disabled
camden,adult,male,mixed,bad,82,disabled
camden,adult,male,asian,bad,57,disabled
camden,adult,male,black,bad,2205,disabled
camden,adult,male,other,bad,2713,disabled
camden,middle aged,male,white,bad,236,disabled
camden,middle aged,male,mixed,bad,66,disabled
camden,middle aged,male,asian,bad,83,disabled
camden,middle aged,male,black,bad,220,disabled
camden,middle aged,male,other,bad,77,disabled
camden,elderly,male,white,bad,56,disabled
camden,elderly,male,mixed,bad,28,disabled
camden,elderly,male,asian,bad,117,disabled
camden,elderly,male,black,bad,59,disabled
camden,elderly,male,other,bad,19,disabled
camden,youth,male,white,good,18,serverly_limited
camden,youth,male,mixed,good,29,serverly_limited
camden,youth,male,asian,good,7,serverly_limited
camden,youth,male,black,good,3,serverly_limited
camden,youth,male,other,good,10,serverly_limited
camden,adult,male,white,good,47,serverly_limited
camden,adult,male,mixed,good,8,serverly_limited
camden,adult,male,asian,good,10,serverly_limited
camden,adult,male,black,good,14,serverly_limited
camden,adult,male,other,good,80,serverly_limited
camden,middle aged,male,white,good,38,serverly_limited
camden,middle aged,male,mixed,good,11,serverly_limited
camden,middle aged,male,asian,good,39,serverly_limited
camden,middle aged,male,black,good,55,serverly_limited
camden,middle aged,male,other,good,4,serverly_limited
camden,elderly,male,white,good,8,serverly_limited
camden,elderly,male,mixed,good,30,serverly_limited
camden,elderly,male,asian,good,78,serverly_limited
camden,elderly,male,black,good,32,serverly_limited
camden,elderly,male,other,good,28,serverly_limited
camden,youth,male,white,fair,6,serverly_limited
camden,youth,male,mixed,fair,25,serverly_limited
camden,youth,male,asian,fair,16,serverly_limited
camden,youth,male,black,fair,3,serverly_limited
camden,youth,male,other,fair,2148,serverly_limited
camden,adult,male,white,fair,2629,serverly_limited
camden,adult,male,mixed,fair,225,serverly_limited
camden,adult,male,asian,fair,55,serverly_limited
camden,adult,male,black,fair,43,serverly_limited
camden,adult,male,other,fair,95,serverly_limited
camden,middle aged,male,white,fair,37,serverly_limited
camden,middle aged,male,mixed,fair,18,serverly_limited
camden,middle aged,male,asian,fair,8,serverly_limited
camden,middle aged,male,black,fair,12,serverly_limited
camden,middle aged,male,other,fair,5,serverly_limited
camden,elderly,male,white,fair,5,serverly_limited
camden,elderly,male,mixed,fair,2938,serverly_limited
camden,elderly,male,asian,fair,9870,serverly_limited
camden,elderly,male,black,fair,813,serverly_limited
camden,elderly,male,other,fair,324,serverly_limited
camden,youth,male,white,bad,148,serverly_limited
camden,youth,male,mixed,bad,761,serverly_limited
camden,youth,male,asian,bad,293,serverly_limited
camden,youth,male,black,bad,310,serverly_limited
camden,youth,male,other,bad,56,serverly_limited
camden,adult,male,white,bad,289,serverly_limited
camden,adult,male,mixed,bad,229,serverly_limited
camden,adult,male,asian,bad,281,serverly_limited
camden,adult,male,black,bad,36,serverly_limited
camden,adult,male,other,bad,41,serverly_limited
camden,middle aged,male,white,bad,12,serverly_limited
camden,middle aged,male,mixed,bad,10,serverly_limited
camden,middle aged,male,asian,bad,16,serverly_limited
camden,middle aged,male,black,bad,73,serverly_limited
camden,middle aged,male,other,bad,43,serverly_limited
camden,elderly,male,white,bad,99,serverly_limited
camden,elderly,male,mixed,bad,25,serverly_limited
camden,elderly,male,asian,bad,165,serverly_limited
camden,elderly,male,black,bad,151,serverly_limited
camden,elderly,male,other,bad,225,serverly_limited
camden,youth,male,white,good,56,limited
camden,youth,male,mixed,good,175,limited
camden,youth,male,asian,good,38,limited
camden,youth,male,black,good,58,limited
camden,youth,male,other,good,33,limited
camden,adult,male,white,good,171,limited
camden,adult,male,mixed,good,94,limited
camden,adult,male,asian,good,125,limited
camden,adult,male,black,good,14,limited
camden,adult,male,other,good,64,limited
camden,middle aged,male,white,good,55,limited
camden,middle aged,male,mixed,good,47,limited
camden,middle aged,male,asian,good,2846,limited
camden,middle aged,male,black,good,9654,limited
camden,middle aged,male,other,good,763,limited
camden,elderly,male,white,good,256,limited
camden,elderly,male,mixed,good,99,limited
camden,elderly,male,asian,good,517,limited
camden,elderly,male,black,good,156,limited
camden,elderly,male,other,good,86,limited
camden,youth,male,white,fair,17,limited
camden,youth,male,mixed,fair,60,limited
camden,youth,male,asian,fair,23,limited
camden,youth,male,black,fair,9,limited
camden,youth,male,other,fair,2810,limited
camden,adult,male,white,fair,3756,limited
camden,adult,male,mixed,fair,539,limited
camden,adult,male,asian,fair,199,limited
camden,adult,male,black,fair,100,limited
camden,adult,male,other,fair,379,limited
camden,middle aged,male,white,fair,148,limited
camden,middle aged,male,mixed,fair,142,limited
camden,middle aged,male,asian,fair,38,limited
camden,middle aged,male,black,fair,213,limited
camden,middle aged,male,other,fair,100,limited
camden,elderly,male,white,fair,103,limited
camden,elderly,male,mixed,fair,28,limited
camden,elderly,male,asian,fair,55,limited
camden,elderly,male,black,fair,32,limited
camden,elderly,male,other,fair,18,limited
camden,youth,male,white,bad,21,limited
camden,youth,male,mixed,bad,76,limited
camden,youth,male,asian,bad,35,limited
camden,youth,male,black,bad,41,limited
camden,youth,male,other,bad,26,limited
camden,adult,male,white,bad,143,limited
camden,adult,male,mixed,bad,71,limited
camden,adult,male,asian,bad,82,limited
camden,adult,male,black,bad,27,limited
camden,adult,male,other,bad,107,limited
camden,middle aged,male,white,bad,31,limited
camden,middle aged,male,mixed,bad,31,limited
camden,middle aged,male,asian,bad,26,limited
camden,middle aged,male,black,bad,121,limited
camden,middle aged,male,other,bad,48,limited
camden,elderly,male,white,bad,53,limited
camden,elderly,male,mixed,bad,5,limited
camden,elderly,male,asian,bad,50,limited
camden,elderly,male,black,bad,18,limited
camden,elderly,male,other,bad,17,limited
camden,youth,male,white,good,2755,not_limited
camden,youth,male,mixed,good,3594,not_limited
camden,youth,male,asian,good,476,not_limited
camden,youth,male,black,good,150,not_limited
camden,youth,male,other,good,53,not_limited
camden,adult,male,white,good,182,not_limited
camden,adult,male,mixed,good,65,not_limited
camden,adult,male,asian,good,48,not_limited
camden,adult,male,black,good,7,not_limited
camden,adult,male,other,good,20,not_limited
camden,middle aged,male,white,good,11,not_limited
camden,middle aged,male,mixed,good,4,not_limited
camden,middle aged,male,asian,good,651,not_limited
camden,middle aged,male,black,good,2598,not_limited
camden,middle aged,male,other,good,309,not_limited
camden,elderly,male,white,good,86,not_limited
camden,elderly,male,mixed,good,30,not_limited
camden,elderly,male,asian,good,203,not_limited
camden,elderly,male,black,good,98,not_limited
camden,elderly,male,other,good,60,not_limited
camden,youth,male,white,fair,11,not_limited
camden,youth,male,mixed,fair,131,not_limited
camden,youth,male,asian,fair,90,not_limited
camden,youth,male,black,fair,52,not_limited
camden,youth,male,other,fair,2,not_limited
camden,adult,male,white,fair,21,not_limited
camden,adult,male,mixed,fair,4,not_limited
camden,adult,male,asian,fair,3,not_limited
camden,adult,male,black,fair,2,not_limited
camden,adult,male,other,fair,37,not_limited
camden,middle aged,male,white,fair,15,not_limited
camden,middle aged,male,mixed,fair,21,not_limited
camden,middle aged,male,asian,fair,10,not_limited
camden,middle aged,male,black,fair,84,not_limited
camden,middle aged,male,other,fair,60,not_limited
camden,elderly,male,white,fair,38,not_limited
camden,elderly,male,mixed,fair,6,not_limited
camden,elderly,male,asian,fair,54,not_limited
camden,elderly,male,black,fair,7,not_limited
camden,elderly,male,other,fair,9,not_limited
camden,youth,male,white,bad,9,not_limited
camden,youth,male,mixed,bad,52,not_limited
camden,youth,male,asian,bad,39,not_limited
camden,youth,male,black,bad,23,not_limited
camden,youth,male,other,bad,0,not_limited
camden,adult,male,white,bad,30,not_limited
camden,adult,male,mixed,bad,23,not_limited
camden,adult,male,asian,bad,11,not_limited
camden,adult,male,black,bad,643,not_limited
camden,adult,male,other,bad,2523,not_limited
camden,middle aged,male,white,bad,298,not_limited
camden,middle aged,male,mixed,bad,74,not_limited
camden,middle aged,male,asian,bad,19,not_limited
camden,middle aged,male,black,bad,114,not_limited
camden,middle aged,male,other,bad,44,not_limited
camden,elderly,male,white,bad,16,not_limited
camden,elderly,male,mixed,bad,1,not_limited
camden,elderly,male,asian,bad,17,not_limited
camden,elderly,male,black,bad,7,not_limited
camden,elderly,male,other,bad,3,not_limited
camden,youth,female,white,good,8526,disabled
camden,youth,female,mixed,good,38581,disabled
camden,youth,female,asian,good,7791,disabled
camden,youth,female,black,good,5887,disabled
camden,youth,female,other,good,146,disabled
camden,adult,female,white,good,2515,disabled
camden,adult,female,mixed,good,1964,disabled
camden,adult,female,asian,good,3643,disabled
camden,adult,female,black,good,47,disabled
camden,adult,female,other,good,1124,disabled
camden,middle aged,female,white,good,1237,disabled
camden,middle aged,female,mixed,good,1746,disabled
camden,middle aged,female,asian,good,26,disabled
camden,middle aged,female,black,good,159,disabled
camden,middle aged,female,other,good,92,disabled
camden,elderly,female,white,good,264,disabled
camden,elderly,female,mixed,good,17,disabled
camden,elderly,female,asian,good,347,disabled
camden,elderly,female,black,good,350,disabled
camden,elderly,female,other,good,1205,disabled
camden,youth,female,white,fair,29,disabled
camden,youth,female,mixed,fair,807,disabled
camden,youth,female,asian,fair,950,disabled
camden,youth,female,black,fair,1465,disabled
camden,youth,female,other,fair,82,disabled
camden,adult,female,white,fair,732,disabled
camden,adult,female,mixed,fair,416,disabled
camden,adult,female,asian,fair,944,disabled
camden,adult,female,black,fair,69,disabled
camden,adult,female,other,fair,849,disabled
camden,middle aged,female,white,fair,789,disabled
camden,middle aged,female,mixed,fair,1563,disabled
camden,middle aged,female,asian,fair,12,disabled
camden,middle aged,female,black,fair,226,disabled
camden,middle aged,female,other,fair,227,disabled
camden,elderly,female,white,fair,239,disabled
camden,elderly,female,mixed,fair,8418,disabled
camden,elderly,female,asian,fair,37690,disabled
camden,elderly,female,black,fair,7283,disabled
camden,elderly,female,other,fair,4679,disabled
camden,youth,female,white,bad,60,disabled
camden,youth,female,mixed,bad,1319,disabled
camden,youth,female,asian,bad,825,disabled
camden,youth,female,black,bad,875,disabled
camden,youth,female,other,bad,6,disabled
camden,adult,female,white,bad,91,disabled
camden,adult,female,mixed,bad,60,disabled
camden,adult,female,asian,bad,42,disabled
camden,adult,female,black,bad,2312,disabled
camden,adult,female,other,bad,3029,disabled
camden,middle aged,female,white,bad,240,disabled
camden,middle aged,female,mixed,bad,86,disabled
camden,middle aged,female,asian,bad,81,disabled
camden,middle aged,female,black,bad,271,disabled
camden,middle aged,female,other,bad,97,disabled
camden,elderly,female,white,bad,68,disabled
camden,elderly,female,mixed,bad,31,disabled
camden,elderly,female,asian,bad,126,disabled
camden,elderly,female,black,bad,54,disabled
camden,elderly,female,other,bad,48,disabled
camden,youth,female,white,good,9,serverly_limited
camden,youth,female,mixed,good,27,serverly_limited
camden,youth,female,asian,good,8,serverly_limited
camden,youth,female,black,good,3,serverly_limited
camden,youth,female,other,good,9,serverly_limited
camden,adult,female,white,good,29,serverly_limited
camden,adult,female,mixed,good,20,serverly_limited
camden,adult,female,asian,good,24,serverly_limited
camden,adult,female,black,good,21,serverly_limited
camden,adult,female,other,good,94,serverly_limited
camden,middle aged,female,white,good,46,serverly_limited
camden,middle aged,female,mixed,good,37,serverly_limited
camden,middle aged,female,asian,good,21,serverly_limited
camden,middle aged,female,black,good,91,serverly_limited
camden,middle aged,female,other,good,15,serverly_limited
camden,elderly,female,white,good,14,serverly_limited
camden,elderly,female,mixed,good,35,serverly_limited
camden,elderly,female,asian,good,99,serverly_limited
camden,elderly,female,black,good,44,serverly_limited
camden,elderly,female,other,good,30,serverly_limited
camden,youth,female,white,fair,5,serverly_limited
camden,youth,female,mixed,fair,21,serverly_limited
camden,youth,female,asian,fair,7,serverly_limited
camden,youth,female,black,fair,8,serverly_limited
camden,youth,female,other,fair,2282,serverly_limited
camden,adult,female,white,fair,2911,serverly_limited
camden,adult,female,mixed,fair,217,serverly_limited
camden,adult,female,asian,fair,69,serverly_limited
camden,adult,female,black,fair,37,serverly_limited
camden,adult,female,other,fair,143,serverly_limited
camden,middle aged,female,white,fair,33,serverly_limited
camden,middle aged,female,mixed,fair,14,serverly_limited
camden,middle aged,female,asian,fair,5,serverly_limited
camden,middle aged,female,black,fair,11,serverly_limited
camden,middle aged,female,other,fair,1,serverly_limited
camden,elderly,female,white,fair,3,serverly_limited
camden,elderly,female,mixed,fair,3052,serverly_limited
camden,elderly,female,asian,fair,11498,serverly_limited
camden,elderly,female,black,fair,1070,serverly_limited
camden,elderly,female,other,fair,403,serverly_limited
camden,youth,female,white,bad,135,serverly_limited
camden,youth,female,mixed,bad,1035,serverly_limited
camden,youth,female,asian,bad,536,serverly_limited
camden,youth,female,black,bad,361,serverly_limited
camden,youth,female,other,bad,37,serverly_limited
camden,adult,female,white,bad,359,serverly_limited
camden,adult,female,mixed,bad,342,serverly_limited
camden,adult,female,asian,bad,306,serverly_limited
camden,adult,female,black,bad,22,serverly_limited
camden,adult,female,other,bad,60,serverly_limited
camden,middle aged,female,white,bad,19,serverly_limited
camden,middle aged,female,mixed,bad,15,serverly_limited
camden,middle aged,female,asian,bad,8,serverly_limited
camden,middle aged,female,black,bad,82,serverly_limited
camden,middle aged,female,other,bad,81,serverly_limited
camden,elderly,female,white,bad,90,serverly_limited
camden,elderly,female,mixed,bad,18,serverly_limited
camden,elderly,female,asian,bad,193,serverly_limited
camden,elderly,female,black,bad,233,serverly_limited
camden,elderly,female,other,bad,236,serverly_limited
camden,youth,female,white,good,38,limited
camden,youth,female,mixed,good,179,limited
camden,youth,female,asian,good,78,limited
camden,youth,female,black,good,63,limited
camden,youth,female,other,good,30,limited
camden,adult,female,white,good,269,limited
camden,adult,female,mixed,good,234,limited
camden,adult,female,asian,good,160,limited
camden,adult,female,black,good,6,limited
camden,adult,female,other,good,115,limited
camden,middle aged,female,white,good,79,limited
camden,middle aged,female,mixed,good,52,limited
camden,middle aged,female,asian,good,2992,limited
camden,middle aged,female,black,good,11259,limited
camden,middle aged,female,other,good,973,limited
camden,elderly,female,white,good,325,limited
camden,elderly,female,mixed,good,97,limited
camden,elderly,female,asian,good,684,limited
camden,elderly,female,black,good,221,limited
camden,elderly,female,other,good,111,limited
camden,youth,female,white,fair,13,limited
camden,youth,female,mixed,fair,51,limited
camden,youth,female,asian,fair,30,limited
camden,youth,female,black,fair,18,limited
camden,youth,female,other,fair,2351,limited
camden,adult,female,white,fair,4485,limited
camden,adult,female,mixed,fair,574,limited
camden,adult,female,asian,fair,238,limited
camden,adult,female,black,fair,61,limited
camden,adult,female,other,fair,693,limited
camden,middle aged,female,white,fair,296,limited
camden,middle aged,female,mixed,fair,241,limited
camden,middle aged,female,asian,fair,24,limited
camden,middle aged,female,black,fair,286,limited
camden,middle aged,female,other,fair,134,limited
camden,elderly,female,white,fair,150,limited
camden,elderly,female,mixed,fair,28,limited
camden,elderly,female,asian,fair,46,limited
camden,elderly,female,black,fair,21,limited
camden,elderly,female,other,fair,26,limited
camden,youth,female,white,bad,5,limited
camden,youth,female,mixed,bad,107,limited
camden,youth,female,asian,bad,75,limited
camden,youth,female,black,bad,86,limited
camden,youth,female,other,bad,11,limited
camden,adult,female,white,bad,187,limited
camden,adult,female,mixed,bad,84,limited
camden,adult,female,asian,bad,115,limited
camden,adult,female,black,bad,27,limited
camden,adult,female,other,bad,123,limited
camden,middle aged,female,white,bad,41,limited
camden,middle aged,female,mixed,bad,56,limited
camden,middle aged,female,asian,bad,20,limited
camden,middle aged,female,black,bad,218,limited
camden,middle aged,female,other,bad,118,limited
camden,elderly,female,white,bad,109,limited
camden,elderly,female,mixed,bad,3,limited
camden,elderly,female,asian,bad,56,limited
camden,elderly,female,black,bad,38,limited
camden,elderly,female,other,bad,31,limited
camden,youth,female,white,good,2296,not_limited
camden,youth,female,mixed,good,4316,not_limited
camden,youth,female,asian,good,512,not_limited
camden,youth,female,black,good,156,not_limited
camden,youth,female,other,good,36,not_limited
camden,adult,female,white,good,368,not_limited
camden,adult,female,mixed,good,103,not_limited
camden,adult,female,asian,good,46,not_limited
camden,adult,female,black,good,10,not_limited
camden,adult,female,other,good,43,not_limited
camden,middle aged,female,white,good,12,not_limited
camden,middle aged,female,mixed,good,4,not_limited
camden,middle aged,female,asian,good,589,not_limited
camden,middle aged,female,black,good,2406,not_limited
camden,middle aged,female,other,good,252,not_limited
camden,elderly,female,white,good,130,not_limited
camden,elderly,female,mixed,good,17,not_limited
camden,elderly,female,asian,good,258,not_limited
camden,elderly,female,black,good,97,not_limited
camden,elderly,female,other,good,95,not_limited
camden,youth,female,white,fair,6,not_limited
camden,youth,female,mixed,fair,125,not_limited
camden,youth,female,asian,fair,89,not_limited
camden,youth,female,black,fair,72,not_limited
camden,youth,female,other,fair,5,not_limited
camden,adult,female,white,fair,18,not_limited
camden,adult,female,mixed,fair,6,not_limited
camden,adult,female,asian,fair,6,not_limited
camden,adult,female,black,fair,2,not_limited
camden,adult,female,other,fair,18,not_limited
camden,middle aged,female,white,fair,25,not_limited
camden,middle aged,female,mixed,fair,28,not_limited
camden,middle aged,female,asian,fair,4,not_limited
camden,middle aged,female,black,fair,76,not_limited
camden,middle aged,female,other,fair,61,not_limited
camden,elderly,female,white,fair,65,not_limited
camden,elderly,female,mixed,fair,5,not_limited
camden,elderly,female,asian,fair,38,not_limited
camden,elderly,female,black,fair,20,not_limited
camden,elderly,female,other,fair,14,not_limited
camden,youth,female,white,bad,4,not_limited
camden,youth,female,mixed,bad,86,not_limited
camden,youth,female,asian,bad,34,not_limited
camden,youth,female,black,bad,49,not_limited
camden,youth,female,other,bad,1,not_limited
camden,adult,female,white,bad,32,not_limited
camden,adult,female,mixed,bad,25,not_limited
camden,adult,female,asian,bad,4,not_limited
camden,adult,female,black,bad,579,not_limited
camden,adult,female,other,bad,2350,not_limited
camden,middle aged,female,white,bad,226,not_limited
camden,middle aged,female,mixed,bad,110,not_limited
camden,middle aged,female,asian,bad,11,not_limited
camden,middle aged,female,black,bad,154,not_limited
camden,middle aged,female,other,bad,38,not_limited
camden,elderly,female,white,bad,18,not_limited
camden,elderly,female,mixed,bad,1,not_limited
camden,elderly,female,asian,bad,17,not_limited
camden,elderly,female,black,bad,3,not_limited
camden,elderly,female,other,bad,3,not_limited
greater london,youth,male,white,good,374681,disabled
greater london,youth,male,mixed,good,1206166,disabled
greater london,youth,male,asian,good,291225,disabled
greater london,youth,male,black,good,155450,disabled
greater london,youth,male,other,good,9044,disabled
greater london,adult,male,white,good,80942,disabled
greater london,adult,male,mixed,good,74307,disabled
greater london,adult,male,asian,good,102138,disabled
greater london,adult,male,black,good,3016,disabled
greater london,adult,male,other,good,32701,disabled
greater london,middle aged,male,white,good,38790,disabled
greater london,middle aged,male,mixed,good,46337,disabled
greater london,middle aged,male,asian,good,3197,disabled
greater london,middle aged,male,black,good,7560,disabled
greater london,middle aged,male,other,good,3660,disabled
greater london,elderly,male,white,good,6677,disabled
greater london,elderly,male,mixed,good,1953,disabled
greater london,elderly,male,asian,good,11458,disabled
greater london,elderly,male,black,good,11207,disabled
greater london,elderly,male,other,good,28112,disabled
greater london,youth,male,white,fair,1848,disabled
greater london,youth,male,mixed,fair,22023,disabled
greater london,youth,male,asian,fair,28615,disabled
greater london,youth,male,black,fair,37749,disabled
greater london,youth,male,other,fair,5926,disabled
greater london,adult,male,white,fair,22801,disabled
greater london,adult,male,mixed,fair,13323,disabled
greater london,adult,male,asian,fair,22750,disabled
greater london,adult,male,black,fair,2637,disabled
greater london,adult,male,other,fair,22084,disabled
greater london,middle aged,male,white,fair,25041,disabled
greater london,middle aged,male,mixed,fair,44582,disabled
greater london,middle aged,male,asian,fair,515,disabled
greater london,middle aged,male,black,fair,6778,disabled
greater london,middle aged,male,other,fair,7754,disabled
greater london,elderly,male,white,fair,6878,disabled
greater london,elderly,male,mixed,fair,365558,disabled
greater london,elderly,male,asian,fair,1175805,disabled
greater london,elderly,male,black,fair,274242,disabled
greater london,elderly,male,other,fair,126023,disabled
greater london,youth,male,white,bad,4454,disabled
greater london,youth,male,mixed,bad,47400,disabled
greater london,youth,male,asian,bad,38059,disabled
greater london,youth,male,black,bad,29444,disabled
greater london,youth,male,other,bad,653,disabled
greater london,adult,male,white,bad,3900,disabled
greater london,adult,male,mixed,bad,2421,disabled
greater london,adult,male,asian,bad,1710,disabled
greater london,adult,male,black,bad,84984,disabled
greater london,adult,male,other,bad,84356,disabled
greater london,middle aged,male,white,bad,6519,disabled
greater london,middle aged,male,mixed,bad,2505,disabled
greater london,middle aged,male,asian,bad,2874,disabled
greater london,middle aged,male,black,bad,7057,disabled
greater london,middle aged,male,other,bad,2134,disabled
greater london,elderly,male,white,bad,1967,disabled
greater london,elderly,male,mixed,bad,817,disabled
greater london,elderly,male,asian,bad,3016,disabled
greater london,elderly,male,black,bad,1344,disabled
greater london,elderly,male,other,bad,973,disabled
greater london,youth,male,white,good,777,serverly_limited
greater london,youth,male,mixed,good,873,serverly_limited
greater london,youth,male,asian,good,153,serverly_limited
greater london,youth,male,black,good,156,serverly_limited
greater london,youth,male,other,good,545,serverly_limited
greater london,adult,male,white,good,1161,serverly_limited
greater london,adult,male,mixed,good,339,serverly_limited
greater london,adult,male,asian,good,505,serverly_limited
greater london,adult,male,black,good,486,serverly_limited
greater london,adult,male,other,good,1840,serverly_limited
greater london,middle aged,male,white,good,953,serverly_limited
greater london,middle aged,male,mixed,good,739,serverly_limited
greater london,middle aged,male,asian,good,1401,serverly_limited
greater london,middle aged,male,black,good,2080,serverly_limited
greater london,middle aged,male,other,good,320,serverly_limited
greater london,elderly,male,white,good,339,serverly_limited
greater london,elderly,male,mixed,good,777,serverly_limited
greater london,elderly,male,asian,good,1953,serverly_limited
greater london,elderly,male,black,good,697,serverly_limited
greater london,elderly,male,other,good,755,serverly_limited
greater london,youth,male,white,fair,150,serverly_limited
greater london,youth,male,mixed,fair,714,serverly_limited
greater london,youth,male,asian,fair,285,serverly_limited
greater london,youth,male,black,fair,158,serverly_limited
greater london,youth,male,other,fair,82806,serverly_limited
greater london,adult,male,white,fair,81403,serverly_limited
greater london,adult,male,mixed,fair,6046,serverly_limited
greater london,adult,male,asian,fair,2010,serverly_limited
greater london,adult,male,black,fair,1552,serverly_limited
greater london,adult,male,other,fair,3943,serverly_limited
greater london,middle aged,male,white,fair,1098,serverly_limited
greater london,middle aged,male,mixed,fair,707,serverly_limited
greater london,middle aged,male,asian,fair,181,serverly_limited
greater london,middle aged,male,black,fair,462,serverly_limited
greater london,middle aged,male,other,fair,106,serverly_limited
greater london,elderly,male,white,fair,76,serverly_limited
greater london,elderly,male,mixed,fair,157820,serverly_limited
greater london,elderly,male,asian,fair,418776,serverly_limited
greater london,elderly,male,black,fair,60700,serverly_limited
greater london,elderly,male,other,fair,21686,serverly_limited
greater london,youth,male,white,bad,5096,serverly_limited
greater london,youth,male,mixed,bad,29972,serverly_limited
greater london,youth,male,asian,bad,20431,serverly_limited
greater london,youth,male,black,bad,18243,serverly_limited
greater london,youth,male,other,bad,1476,serverly_limited
greater london,adult,male,white,bad,9315,serverly_limited
greater london,adult,male,mixed,bad,9444,serverly_limited
greater london,adult,male,asian,bad,9517,serverly_limited
greater london,adult,male,black,bad,1185,serverly_limited
greater london,adult,male,other,bad,2523,serverly_limited
greater london,middle aged,male,white,bad,926,serverly_limited
greater london,middle aged,male,mixed,bad,1155,serverly_limited
greater london,middle aged,male,asian,bad,652,serverly_limited
greater london,middle aged,male,black,bad,2821,serverly_limited
greater london,middle aged,male,other,bad,2723,serverly_limited
greater london,elderly,male,white,bad,4946,serverly_limited
greater london,elderly,male,mixed,bad,793,serverly_limited
greater london,elderly,male,asian,bad,5437,serverly_limited
greater london,elderly,male,black,bad,6525,serverly_limited
greater london,elderly,male,other,bad,7552,serverly_limited
greater london,youth,male,white,good,1802,limited
greater london,youth,male,mixed,good,7430,limited
greater london,youth,male,asian,good,3345,limited
greater london,youth,male,black,good,3692,limited
greater london,youth,male,other,good,1019,limited
greater london,adult,male,white,good,6874,limited
greater london,adult,male,mixed,good,6512,limited
greater london,adult,male,asian,good,7650,limited
greater london,adult,male,black,good,229,limited
greater london,adult,male,other,good,2173,limited
greater london,middle aged,male,white,good,2099,limited
greater london,middle aged,male,mixed,good,1525,limited
greater london,middle aged,male,asian,good,154833,limited
greater london,middle aged,male,black,good,408823,limited
greater london,middle aged,male,other,good,56429,limited
greater london,elderly,male,white,good,16839,limited
greater london,elderly,male,mixed,good,3425,limited
greater london,elderly,male,asian,good,20277,limited
greater london,elderly,male,black,good,11196,limited
greater london,elderly,male,other,good,5647,limited
greater london,youth,male,white,fair,454,limited
greater london,youth,male,mixed,fair,1705,limited
greater london,youth,male,asian,fair,820,limited
greater london,youth,male,black,fair,440,limited
greater london,youth,male,other,fair,150310,limited
greater london,adult,male,white,fair,240034,limited
greater london,adult,male,mixed,fair,40180,limited
greater london,adult,male,asian,fair,13203,limited
greater london,adult,male,black,fair,4841,limited
greater london,adult,male,other,fair,19648,limited
greater london,middle aged,male,white,fair,8946,limited
greater london,middle aged,male,mixed,fair,11433,limited
greater london,middle aged,male,asian,fair,1566,limited
greater london,middle aged,male,black,fair,7693,limited
greater london,middle aged,male,other,fair,4246,limited
greater london,elderly,male,white,fair,5674,limited
greater london,elderly,male,mixed,fair,1587,limited
greater london,elderly,male,asian,fair,2606,limited
greater london,elderly,male,black,fair,773,limited
greater london,elderly,male,other,fair,837,limited
greater london,youth,male,white,bad,851,limited
greater london,youth,male,mixed,bad,3226,limited
greater london,youth,male,asian,bad,1520,limited
greater london,youth,male,black,bad,3007,limited
greater london,youth,male,other,bad,862,limited
greater london,adult,male,white,bad,4873,limited
greater london,adult,male,mixed,bad,3042,limited
greater london,adult,male,asian,bad,4326,limited
greater london,adult,male,black,bad,2085,limited
greater london,adult,male,other,bad,5405,limited
greater london,middle aged,male,white,bad,1659,limited
greater london,middle aged,male,mixed,bad,1752,limited
greater london,middle aged,male,asian,bad,1198,limited
greater london,middle aged,male,black,bad,5235,limited
greater london,middle aged,male,other,bad,2686,limited
greater london,elderly,male,white,bad,4116,limited
greater london,elderly,male,mixed,bad,247,limited
greater london,elderly,male,asian,bad,1622,limited
greater london,elderly,male,black,bad,774,limited
greater london,elderly,male,other,bad,966,limited
greater london,youth,male,white,good,146638,not_limited
greater london,youth,male,mixed,good,232023,not_limited
greater london,youth,male,asian,good,37748,not_limited
greater london,youth,male,black,good,10614,not_limited
greater london,youth,male,other,good,2792,not_limited
greater london,adult,male,white,good,11187,not_limited
greater london,adult,male,mixed,good,4740,not_limited
greater london,adult,male,asian,good,4310,not_limited
greater london,adult,male,black,good,457,not_limited
greater london,adult,male,other,good,1198,not_limited
greater london,middle aged,male,white,good,430,not_limited
greater london,middle aged,male,mixed,good,382,not_limited
greater london,middle aged,male,asian,good,32197,not_limited
greater london,middle aged,male,black,good,79892,not_limited
greater london,middle aged,male,other,good,10134,not_limited
greater london,elderly,male,white,good,2895,not_limited
greater london,elderly,male,mixed,good,1134,not_limited
greater london,elderly,male,asian,good,7571,not_limited
greater london,elderly,male,black,good,3832,not_limited
greater london,elderly,male,other,good,2395,not_limited
greater london,youth,male,white,fair,415,not_limited
greater london,youth,male,mixed,fair,4655,not_limited
greater london,youth,male,asian,fair,2987,not_limited
greater london,youth,male,black,fair,1589,not_limited
greater london,youth,male,other,fair,265,not_limited
greater london,adult,male,white,fair,656,not_limited
greater london,adult,male,mixed,fair,186,not_limited
greater london,adult,male,asian,fair,138,not_limited
greater london,adult,male,black,fair,168,not_limited
greater london,adult,male,other,fair,1074,not_limited
greater london,middle aged,male,white,fair,604,not_limited
greater london,middle aged,male,mixed,fair,636,not_limited
greater london,middle aged,male,asian,fair,203,not_limited
greater london,middle aged,male,black,fair,3071,not_limited
greater london,middle aged,male,other,fair,2174,not_limited
greater london,elderly,male,white,fair,1255,not_limited
greater london,elderly,male,mixed,fair,393,not_limited
greater london,elderly,male,asian,fair,1813,not_limited
greater london,elderly,male,black,fair,567,not_limited
greater london,elderly,male,other,fair,417,not_limited
greater london,youth,male,white,bad,249,not_limited
greater london,youth,male,mixed,bad,2270,not_limited
greater london,youth,male,asian,bad,1363,not_limited
greater london,youth,male,black,bad,1034,not_limited
greater london,youth,male,other,bad,71,not_limited
greater london,adult,male,white,bad,1062,not_limited
greater london,adult,male,mixed,bad,617,not_limited
greater london,adult,male,asian,bad,243,not_limited
greater london,adult,male,black,bad,31539,not_limited
greater london,adult,male,other,bad,77423,not_limited
greater london,middle aged,male,white,bad,9381,not_limited
greater london,middle aged,male,mixed,bad,2340,not_limited
greater london,middle aged,male,asian,bad,717,not_limited
greater london,middle aged,male,black,bad,4227,not_limited
greater london,middle aged,male,other,bad,1865,not_limited
greater london,elderly,male,white,bad,725,not_limited
greater london,elderly,male,mixed,bad,141,not_limited
greater london,elderly,male,asian,bad,522,not_limited
greater london,elderly,male,black,bad,196,not_limited
greater london,elderly,male,other,bad,91,not_limited
greater london,youth,female,white,good,8526,disabled
greater london,youth,female,mixed,good,38581,disabled
greater london,youth,female,asian,good,7791,disabled
greater london,youth,female,black,good,5887,disabled
greater london,youth,female,other,good,146,disabled
greater london,adult,female,white,good,2515,disabled
greater london,adult,female,mixed,good,1964,disabled
greater london,adult,female,asian,good,3643,disabled
greater london,adult,female,black,good,47,disabled
greater london,adult,female,other,good,1124,disabled
greater london,middle aged,female,white,good,1237,disabled
greater london,middle aged,female,mixed,good,1746,disabled
greater london,middle aged,female,asian,good,26,disabled
greater london,middle aged,female,black,good,159,disabled
greater london,middle aged,female,other,good,92,disabled
greater london,elderly,female,white,good,264,disabled
greater london,elderly,female,mixed,good,17,disabled
greater london,elderly,female,asian,good,347,disabled
greater london,elderly,female,black,good,350,disabled
greater london,elderly,female,other,good,1205,disabled
greater london,youth,female,white,fair,29,disabled
greater london,youth,female,mixed,fair,807,disabled
greater london,youth,female,asian,fair,950,disabled
greater london,youth,female,black,fair,1465,disabled
greater london,youth,female,other,fair,82,disabled
greater london,adult,female,white,fair,732,disabled
greater london,adult,female,mixed,fair,416,disabled
greater london,adult,female,asian,fair,944,disabled
greater london,adult,female,black,fair,69,disabled
greater london,adult,female,other,fair,849,disabled
greater london,middle aged,female,white,fair,789,disabled
greater london,middle aged,female,mixed,fair,1563,disabled
greater london,middle aged,female,asian,fair,12,disabled
greater london,middle aged,female,black,fair,226,disabled
greater london,middle aged,female,other,fair,227,disabled
greater london,elderly,female,white,fair,239,disabled
greater london,elderly,female,mixed,fair,8418,disabled
greater london,elderly,female,asian,fair,37690,disabled
greater london,elderly,female,black,fair,7283,disabled
greater london,elderly,female,other,fair,4679,disabled
greater london,youth,female,white,bad,60,disabled
greater london,youth,female,mixed,bad,1319,disabled
greater london,youth,female,asian,bad,825,disabled
greater london,youth,female,black,bad,875,disabled
greater london,youth,female,other,bad,6,disabled
greater london,adult,female,white,bad,91,disabled
greater london,adult,female,mixed,bad,60,disabled
greater london,adult,female,asian,bad,42,disabled
greater london,adult,female,black,bad,2312,disabled
greater london,adult,female,other,bad,3029,disabled
greater london,middle aged,female,white,bad,240,disabled
greater london,middle aged,female,mixed,bad,86,disabled
greater london,middle aged,female,asian,bad,81,disabled
greater london,middle aged,female,black,bad,271,disabled
greater london,middle aged,female,other,bad,97,disabled
greater london,elderly,female,white,bad,68,disabled
greater london,elderly,female,mixed,bad,31,disabled
greater london,elderly,female,asian,bad,126,disabled
greater london,elderly,female,black,bad,54,disabled
greater london,elderly,female,other,bad,48,disabled
greater london,youth,female,white,good,9,serverly_limited
greater london,youth,female,mixed,good,27,serverly_limited
greater london,youth,female,asian,good,8,serverly_limited
greater london,youth,female,black,good,3,serverly_limited
greater london,youth,female,other,good,9,serverly_limited
greater london,adult,female,white,good,29,serverly_limited
greater london,adult,female,mixed,good,20,serverly_limited
greater london,adult,female,asian,good,24,serverly_limited
greater london,adult,female,black,good,21,serverly_limited
greater london,adult,female,other,good,94,serverly_limited
greater london,middle aged,female,white,good,46,serverly_limited
greater london,middle aged,female,mixed,good,37,serverly_limited
greater london,middle aged,female,asian,good,21,serverly_limited
greater london,middle aged,female,black,good,91,serverly_limited
greater london,middle aged,female,other,good,15,serverly_limited
greater london,elderly,female,white,good,14,serverly_limited
greater london,elderly,female,mixed,good,35,serverly_limited
greater london,elderly,female,asian,good,99,serverly_limited
greater london,elderly,female,black,good,44,serverly_limited
greater london,elderly,female,other,good,30,serverly_limited
greater london,youth,female,white,fair,5,serverly_limited
greater london,youth,female,mixed,fair,21,serverly_limited
greater london,youth,female,asian,fair,7,serverly_limited
greater london,youth,female,black,fair,8,serverly_limited
greater london,youth,female,other,fair,2282,serverly_limited
greater london,adult,female,white,fair,2911,serverly_limited
greater london,adult,female,mixed,fair,217,serverly_limited
greater london,adult,female,asian,fair,69,serverly_limited
greater london,adult,female,black,fair,37,serverly_limited
greater london,adult,female,other,fair,143,serverly_limited
greater london,middle aged,female,white,fair,33,serverly_limited
greater london,middle aged,female,mixed,fair,14,serverly_limited
greater london,middle aged,female,asian,fair,5,serverly_limited
greater london,middle aged,female,black,fair,11,serverly_limited
greater london,middle aged,female,other,fair,1,serverly_limited
greater london,elderly,female,white,fair,3,serverly_limited
greater london,elderly,female,mixed,fair,3052,serverly_limited
greater london,elderly,female,asian,fair,11498,serverly_limited
greater london,elderly,female,black,fair,1070,serverly_limited
greater london,elderly,female,other,fair,403,serverly_limited
greater london,youth,female,white,bad,135,serverly_limited
greater london,youth,female,mixed,bad,1035,serverly_limited
greater london,youth,female,asian,bad,536,serverly_limited
greater london,youth,female,black,bad,361,serverly_limited
greater london,youth,female,other,bad,37,serverly_limited
greater london,adult,female,white,bad,359,serverly_limited
greater london,adult,female,mixed,bad,342,serverly_limited
greater london,adult,female,asian,bad,306,serverly_limited
greater london,adult,female,black,bad,22,serverly_limited
greater london,adult,female,other,bad,60,serverly_limited
greater london,middle aged,female,white,bad,19,serverly_limited
greater london,middle aged,female,mixed,bad,15,serverly_limited
greater london,middle aged,female,asian,bad,8,serverly_limited
greater london,middle aged,female,black,bad,82,serverly_limited
greater london,middle aged,female,other,bad,81,serverly_limited
greater london,elderly,female,white,bad,90,serverly_limited
greater london,elderly,female,mixed,bad,18,serverly_limited
greater london,elderly,female,asian,bad,193,serverly_limited
greater london,elderly,female,black,bad,233,serverly_limited
greater london,elderly,female,other,bad,236,serverly_limited
greater london,youth,female,white,good,38,limited
greater london,youth,female,mixed,good,179,limited
greater london,youth,female,asian,good,78,limited
greater london,youth,female,black,good,63,limited
greater london,youth,female,other,good,30,limited
greater london,adult,female,white,good,269,limited
greater london,adult,female,mixed,good,234,limited
greater london,adult,female,asian,good,160,limited
greater london,adult,female,black,good,6,limited
greater london,adult,female,other,good,115,limited
greater london,middle aged,female,white,good,79,limited
greater london,middle aged,female,mixed,good,52,limited
greater london,middle aged,female,asian,good,2992,limited
greater london,middle aged,female,black,good,11259,limited
greater london,middle aged,female,other,good,973,limited
greater london,elderly,female,white,good,325,limited
greater london,elderly,female,mixed,good,97,limited
greater london,elderly,female,asian,good,684,limited
greater london,elderly,female,black,good,221,limited
greater london,elderly,female,other,good,111,limited
greater london,youth,female,white,fair,13,limited
greater london,youth,female,mixed,fair,51,limited
greater london,youth,female,asian,fair,30,limited
greater london,youth,female,black,fair,18,limited
greater london,youth,female,other,fair,2351,limited
greater london,adult,female,white,fair,4485,limited
greater london,adult,female,mixed,fair,574,limited
greater london,adult,female,asian,fair,238,limited
greater london,adult,female,black,fair,61,limited
greater london,adult,female,other,fair,693,limited
greater london,middle aged,female,white,fair,296,limited
greater london,middle aged,female,mixed,fair,241,limited
greater london,middle aged,female,asian,fair,24,limited
greater london,middle aged,female,black,fair,286,limited
greater london,middle aged,female,other,fair,134,limited
greater london,elderly,female,white,fair,150,limited
greater london,elderly,female,mixed,fair,28,limited
greater london,elderly,female,asian,fair,46,limited
greater london,elderly,female,black,fair,21,limited
greater london,elderly,female,other,fair,26,limited
greater london,youth,female,white,bad,5,limited
greater london,youth,female,mixed,bad,107,limited
greater london,youth,female,asian,bad,75,limited
greater london,youth,female,black,bad,86,limited
greater london,youth,female,other,bad,11,limited
greater london,adult,female,white,bad,187,limited
greater london,adult,female,mixed,bad,84,limited
greater london,adult,female,asian,bad,115,limited
greater london,adult,female,black,bad,27,limited
greater london,adult,female,other,bad,123,limited
greater london,middle aged,female,white,bad,41,limited
greater london,middle aged,female,mixed,bad,56,limited
greater london,middle aged,female,asian,bad,20,limited
greater london,middle aged,female,black,bad,218,limited
greater london,middle aged,female,other,bad,118,limited
greater london,elderly,female,white,bad,109,limited
greater london,elderly,female,mixed,bad,3,limited
greater london,elderly,female,asian,bad,56,limited
greater london,elderly,female,black,bad,38,limited
greater london,elderly,female,other,bad,31,limited
greater london,youth,female,white,good,2296,not_limited
greater london,youth,female,mixed,good,4316,not_limited
greater london,youth,female,asian,good,512,not_limited
greater london,youth,female,black,good,156,not_limited
greater london,youth,female,other,good,36,not_limited
greater london,adult,female,white,good,368,not_limited
greater london,adult,female,mixed,good,103,not_limited
greater london,adult,female,asian,good,46,not_limited
greater london,adult,female,black,good,10,not_limited
greater london,adult,female,other,good,43,not_limited
greater london,middle aged,female,white,good,12,not_limited
greater london,middle aged,female,mixed,good,4,not_limited
greater london,middle aged,female,asian,good,589,not_limited
greater london,middle aged,female,black,good,2406,not_limited
greater london,middle aged,female,other,good,252,not_limited
greater london,elderly,female,white,good,130,not_limited
greater london,elderly,female,mixed,good,17,not_limited
greater london,elderly,female,asian,good,258,not_limited
greater london,elderly,female,black,good,97,not_limited
greater london,elderly,female,other,good,95,not_limited
greater london,youth,female,white,fair,6,not_limited
greater london,youth,female,mixed,fair,125,not_limited
greater london,youth,female,asian,fair,89,not_limited
greater london,youth,female,black,fair,72,not_limited
greater london,youth,female,other,fair,5,not_limited
greater london,adult,female,white,fair,18,not_limited
greater london,adult,female,mixed,fair,6,not_limited
greater london,adult,female,asian,fair,6,not_limited
greater london,adult,female,black,fair,2,not_limited
greater london,adult,female,other,fair,18,not_limited
greater london,middle aged,female,white,fair,25,not_limited
greater london,middle aged,female,mixed,fair,28,not_limited
greater london,middle aged,female,asian,fair,4,not_limited
greater london,middle aged,female,black,fair,76,not_limited
greater london,middle aged,female,other,fair,61,not_limited
greater london,elderly,female,white,fair,65,not_limited
greater london,elderly,female,mixed,fair,5,not_limited
greater london,elderly,female,asian,fair,38,not_limited
greater london,elderly,female,black,fair,20,not_limited
greater london,elderly,female,other,fair,14,not_limited
greater london,youth,female,white,bad,4,not_limited
greater london,youth,female,mixed,bad,86,not_limited
greater london,youth,female,asian,bad,34,not_limited
greater london,youth,female,black,bad,49,not_limited
greater london,youth,female,other,bad,1,not_limited
greater london,adult,female,white,bad,32,not_limited
greater london,adult,female,mixed,bad,25,not_limited
greater london,adult,female,asian,bad,4,not_limited
greater london,adult,female,black,bad,579,not_limited
greater london,adult,female,other,bad,2350,not_limited
greater london,middle aged,female,white,bad,226,not_limited
greater london,middle aged,female,mixed,bad,110,not_limited
greater london,middle aged,female,asian,bad,11,not_limited
greater london,middle aged,female,black,bad,154,not_limited
greater london,middle aged,female,other,bad,38,not_limited
greater london,elderly,female,white,bad,18,not_limited
greater london,elderly,female,mixed,bad,1,not_limited
greater london,elderly,female,asian,bad,17,not_limited
greater london,elderly,female,black,bad,3,not_limited
greater london,elderly,female,other,bad,3,not_limited
england&wales,youth,male,white,good,4152315,disabled
england&wales,youth,male,mixed,good,9740029,disabled
england&wales,youth,male,asian,good,3348456,disabled
england&wales,youth,male,black,good,2018522,disabled
england&wales,youth,male,other,good,98968,disabled
england&wales,adult,male,white,good,780660,disabled
england&wales,adult,male,mixed,good,860292,disabled
england&wales,adult,male,asian,good,1310100,disabled
england&wales,adult,male,black,good,28903,disabled
england&wales,adult,male,other,good,300945,disabled
england&wales,middle aged,male,white,good,422346,disabled
england&wales,middle aged,male,mixed,good,569382,disabled
england&wales,middle aged,male,asian,good,39312,disabled
england&wales,middle aged,male,black,good,80598,disabled
england&wales,middle aged,male,other,good,38289,disabled
england&wales,elderly,male,white,good,81699,disabled
england&wales,elderly,male,mixed,good,25438,disabled
england&wales,elderly,male,asian,good,125990,disabled
england&wales,elderly,male,black,good,136912,disabled
england&wales,elderly,male,other,good,390373,disabled
england&wales,youth,male,white,fair,19703,disabled
england&wales,youth,male,mixed,fair,213327,disabled
england&wales,youth,male,asian,fair,327177,disabled
england&wales,youth,male,black,fair,484253,disabled
england&wales,youth,male,other,fair,79936,disabled
england&wales,adult,male,white,fair,239007,disabled
england&wales,adult,male,mixed,fair,170971,disabled
england&wales,adult,male,asian,fair,329667,disabled
england&wales,adult,male,black,fair,32950,disabled
england&wales,adult,male,other,fair,225741,disabled
england&wales,middle aged,male,white,fair,306897,disabled
england&wales,middle aged,male,mixed,fair,596897,disabled
england&wales,middle aged,male,asian,fair,5399,disabled
england&wales,middle aged,male,black,fair,60461,disabled
england&wales,middle aged,male,other,fair,75319,disabled
england&wales,elderly,male,white,fair,70924,disabled
england&wales,elderly,male,mixed,fair,4033067,disabled
england&wales,elderly,male,asian,fair,9420424,disabled
england&wales,elderly,male,black,fair,3139196,disabled
england&wales,elderly,male,other,fair,1607156,disabled
england&wales,youth,male,white,bad,40580,disabled
england&wales,youth,male,mixed,bad,428929,disabled
england&wales,youth,male,asian,bad,416483,disabled
england&wales,youth,male,black,bad,322830,disabled
england&wales,youth,male,other,bad,3801,disabled
england&wales,adult,male,white,bad,27157,disabled
england&wales,adult,male,mixed,bad,19850,disabled
england&wales,adult,male,asian,bad,14205,disabled
england&wales,adult,male,black,bad,269651,disabled
england&wales,adult,male,other,bad,250636,disabled
england&wales,middle aged,male,white,bad,21267,disabled
england&wales,middle aged,male,mixed,bad,7891,disabled
england&wales,middle aged,male,asian,bad,8209,disabled
england&wales,middle aged,male,black,bad,22366,disabled
england&wales,middle aged,male,other,bad,6544,disabled
england&wales,elderly,male,white,bad,5724,disabled
england&wales,elderly,male,mixed,bad,2359,disabled
england&wales,elderly,male,asian,bad,9585,disabled
england&wales,elderly,male,black,bad,4261,disabled
england&wales,elderly,male,other,bad,3040,disabled
england&wales,youth,male,white,good,2563,serverly_limited
england&wales,youth,male,mixed,good,3045,serverly_limited
england&wales,youth,male,asian,good,480,serverly_limited
england&wales,youth,male,black,good,530,serverly_limited
england&wales,youth,male,other,good,1719,serverly_limited
england&wales,adult,male,white,good,3901,serverly_limited
england&wales,adult,male,mixed,good,1178,serverly_limited
england&wales,adult,male,asian,good,1596,serverly_limited
england&wales,adult,male,black,good,1492,serverly_limited
england&wales,adult,male,other,good,6192,serverly_limited
england&wales,middle aged,male,white,good,3091,serverly_limited
england&wales,middle aged,male,mixed,good,2420,serverly_limited
england&wales,middle aged,male,asian,good,4749,serverly_limited
england&wales,middle aged,male,black,good,7015,serverly_limited
england&wales,middle aged,male,other,good,1129,serverly_limited
england&wales,elderly,male,white,good,1108,serverly_limited
england&wales,elderly,male,mixed,good,2421,serverly_limited
england&wales,elderly,male,asian,good,6377,serverly_limited
england&wales,elderly,male,black,good,2199,serverly_limited
england&wales,elderly,male,other,good,2280,serverly_limited
england&wales,youth,male,white,fair,460,serverly_limited
england&wales,youth,male,mixed,fair,2111,serverly_limited
england&wales,youth,male,asian,fair,855,serverly_limited
england&wales,youth,male,black,fair,430,serverly_limited
england&wales,youth,male,other,fair,262339,serverly_limited
england&wales,adult,male,white,fair,240576,serverly_limited
england&wales,adult,male,mixed,fair,19658,serverly_limited
england&wales,adult,male,asian,fair,6253,serverly_limited
england&wales,adult,male,black,fair,4069,serverly_limited
england&wales,adult,male,other,fair,12088,serverly_limited
england&wales,middle aged,male,white,fair,3167,serverly_limited
england&wales,middle aged,male,mixed,fair,1848,serverly_limited
england&wales,middle aged,male,asian,fair,407,serverly_limited
england&wales,middle aged,male,black,fair,1282,serverly_limited
england&wales,middle aged,male,other,fair,315,serverly_limited
england&wales,elderly,male,white,fair,190,serverly_limited
england&wales,elderly,male,mixed,fair,508603,serverly_limited
england&wales,elderly,male,asian,fair,1132186,serverly_limited
england&wales,elderly,male,black,fair,152742,serverly_limited
england&wales,elderly,male,other,fair,50104,serverly_limited
england&wales,youth,male,white,bad,16878,serverly_limited
england&wales,youth,male,mixed,bad,84702,serverly_limited
england&wales,youth,male,asian,bad,53451,serverly_limited
england&wales,youth,male,black,bad,42944,serverly_limited
england&wales,youth,male,other,bad,4968,serverly_limited
england&wales,adult,male,white,bad,26521,serverly_limited
england&wales,adult,male,mixed,bad,24232,serverly_limited
england&wales,adult,male,asian,bad,22826,serverly_limited
england&wales,adult,male,black,bad,3735,serverly_limited
england&wales,adult,male,other,bad,7250,serverly_limited
england&wales,middle aged,male,white,bad,2315,serverly_limited
england&wales,middle aged,male,mixed,bad,2694,serverly_limited
england&wales,middle aged,male,asian,bad,2357,serverly_limited
england&wales,middle aged,male,black,bad,8692,serverly_limited
england&wales,middle aged,male,other,bad,7725,serverly_limited
england&wales,elderly,male,white,bad,11799,serverly_limited
england&wales,elderly,male,mixed,bad,2881,serverly_limited
england&wales,elderly,male,asian,bad,15969,serverly_limited
england&wales,elderly,male,black,bad,16923,serverly_limited
england&wales,elderly,male,other,bad,18102,serverly_limited
england&wales,youth,male,white,good,6061,limited
england&wales,youth,male,mixed,good,21019,limited
england&wales,youth,male,asian,good,8812,limited
england&wales,youth,male,black,good,8510,limited
england&wales,youth,male,other,good,3611,limited
england&wales,adult,male,white,good,19787,limited
england&wales,adult,male,mixed,good,17470,limited
england&wales,adult,male,asian,good,18381,limited
england&wales,adult,male,black,good,786,limited
england&wales,adult,male,other,good,5918,limited
england&wales,middle aged,male,white,good,5340,limited
england&wales,middle aged,male,mixed,good,3706,limited
england&wales,middle aged,male,asian,good,498807,limited
england&wales,middle aged,male,black,good,1103917,limited
england&wales,middle aged,male,other,good,141615,limited
england&wales,elderly,male,white,good,38900,limited
england&wales,elderly,male,mixed,good,10910,limited
england&wales,elderly,male,asian,good,56223,limited
england&wales,elderly,male,black,good,28256,limited
england&wales,elderly,male,other,good,12764,limited
england&wales,youth,male,white,fair,1301,limited
england&wales,youth,male,mixed,fair,4634,limited
england&wales,youth,male,asian,fair,1969,limited
england&wales,youth,male,black,fair,1018,limited
england&wales,youth,male,other,fair,247373,limited
england&wales,adult,male,white,fair,449287,limited
england&wales,adult,male,mixed,fair,69070,limited
england&wales,adult,male,asian,fair,22327,limited
england&wales,adult,male,black,fair,7485,limited
england&wales,adult,male,other,fair,34802,limited
england&wales,middle aged,male,white,fair,15199,limited
england&wales,middle aged,male,mixed,fair,20012,limited
england&wales,middle aged,male,asian,fair,2402,limited
england&wales,middle aged,male,black,fair,13107,limited
england&wales,middle aged,male,other,fair,6937,limited
england&wales,elderly,male,white,fair,10199,limited
england&wales,elderly,male,mixed,fair,2474,limited
england&wales,elderly,male,asian,fair,4555,limited
england&wales,elderly,male,black,fair,1246,limited
england&wales,elderly,male,other,fair,1433,limited
england&wales,youth,male,white,bad,1294,limited
england&wales,youth,male,mixed,bad,5350,limited
england&wales,youth,male,asian,bad,2502,limited
england&wales,youth,male,black,bad,5265,limited
england&wales,youth,male,other,bad,1258,limited
england&wales,adult,male,white,bad,8154,limited
england&wales,adult,male,mixed,bad,4905,limited
england&wales,adult,male,asian,bad,7845,limited
england&wales,adult,male,black,bad,3418,limited
england&wales,adult,male,other,bad,9727,limited
england&wales,middle aged,male,white,bad,2791,limited
england&wales,middle aged,male,mixed,bad,2968,limited
england&wales,middle aged,male,asian,bad,1856,limited
england&wales,middle aged,male,black,bad,9171,limited
england&wales,middle aged,male,other,bad,4576,limited
england&wales,elderly,male,white,bad,7394,limited
england&wales,elderly,male,mixed,bad,393,limited
england&wales,elderly,male,asian,bad,2841,limited
england&wales,elderly,male,black,bad,1310,limited
england&wales,elderly,male,other,bad,1711,limited
england&wales,youth,male,white,good,241481,not_limited
england&wales,youth,male,mixed,good,435005,not_limited
england&wales,youth,male,asian,good,65033,not_limited
england&wales,youth,male,black,good,17926,not_limited
england&wales,youth,male,other,good,4335,not_limited
england&wales,adult,male,white,good,20281,not_limited
england&wales,adult,male,mixed,good,8121,not_limited
england&wales,adult,male,asian,good,7353,not_limited
england&wales,adult,male,black,good,751,not_limited
england&wales,adult,male,other,good,2112,not_limited
england&wales,middle aged,male,white,good,722,not_limited
england&wales,middle aged,male,mixed,good,643,not_limited
england&wales,middle aged,male,asian,good,66309,not_limited
england&wales,middle aged,male,black,good,173960,not_limited
england&wales,middle aged,male,other,good,21941,not_limited
england&wales,elderly,male,white,good,5880,not_limited
england&wales,elderly,male,mixed,good,2082,not_limited
england&wales,elderly,male,asian,good,14738,not_limited
england&wales,elderly,male,black,good,6939,not_limited
england&wales,elderly,male,other,good,4469,not_limited
england&wales,youth,male,white,fair,857,not_limited
england&wales,youth,male,mixed,fair,8033,not_limited
england&wales,youth,male,asian,fair,4619,not_limited
england&wales,youth,male,black,fair,2741,not_limited
england&wales,youth,male,other,fair,527,not_limited
england&wales,adult,male,white,fair,1401,not_limited
england&wales,adult,male,mixed,fair,320,not_limited
england&wales,adult,male,asian,fair,242,not_limited
england&wales,adult,male,black,fair,308,not_limited
england&wales,adult,male,other,fair,1891,not_limited
england&wales,middle aged,male,white,fair,1084,not_limited
england&wales,middle aged,male,mixed,fair,1178,not_limited
england&wales,middle aged,male,asian,fair,423,not_limited
england&wales,middle aged,male,black,fair,5080,not_limited
england&wales,middle aged,male,other,fair,3327,not_limited
england&wales,elderly,male,white,fair,2167,not_limited
england&wales,elderly,male,mixed,fair,839,not_limited
england&wales,elderly,male,asian,fair,4079,not_limited
england&wales,elderly,male,black,fair,1145,not_limited
england&wales,elderly,male,other,fair,853,not_limited
england&wales,youth,male,white,bad,484,not_limited
england&wales,youth,male,mixed,bad,4315,not_limited
england&wales,youth,male,asian,bad,2455,not_limited
england&wales,youth,male,black,bad,1930,not_limited
england&wales,youth,male,other,bad,136,not_limited
england&wales,adult,male,white,bad,1873,not_limited
england&wales,adult,male,mixed,bad,974,not_limited
england&wales,adult,male,asian,bad,433,not_limited
england&wales,adult,male,black,bad,64943,not_limited
england&wales,adult,male,other,bad,168480,not_limited
england&wales,middle aged,male,white,bad,20476,not_limited
england&wales,middle aged,male,mixed,bad,4785,not_limited
england&wales,middle aged,male,asian,bad,1290,not_limited
england&wales,middle aged,male,black,bad,8532,not_limited
england&wales,middle aged,male,other,bad,3400,not_limited
england&wales,elderly,male,white,bad,1361,not_limited
england&wales,elderly,male,mixed,bad,298,not_limited
england&wales,elderly,male,asian,bad,1080,not_limited
england&wales,elderly,male,black,bad,318,not_limited
england&wales,elderly,male,other,bad,141,not_limited
england&wales,youth,female,white,good,3973567,disabled
england&wales,youth,female,mixed,good,9705794,disabled
england&wales,youth,female,asian,good,3465370,disabled
england&wales,youth,female,black,good,2348141,disabled
england&wales,youth,female,other,good,73011,disabled
england&wales,adult,female,white,good,854673,disabled
england&wales,adult,female,mixed,good,871638,disabled
england&wales,adult,female,asian,good,1791686,disabled
england&wales,adult,female,black,good,21165,disabled
england&wales,adult,female,other,good,314483,disabled
england&wales,middle aged,female,white,good,389817,disabled
england&wales,middle aged,female,mixed,good,769132,disabled
england&wales,middle aged,female,asian,good,16937,disabled
england&wales,middle aged,female,black,good,59491,disabled
england&wales,middle aged,female,other,good,36557,disabled
england&wales,elderly,female,white,good,117504,disabled
england&wales,elderly,female,mixed,good,14775,disabled
england&wales,elderly,female,asian,good,125074,disabled
england&wales,elderly,female,black,good,153388,disabled
england&wales,elderly,female,other,good,632290,disabled
england&wales,youth,female,white,fair,14041,disabled
england&wales,youth,female,mixed,fair,228205,disabled
england&wales,youth,female,asian,fair,312385,disabled
england&wales,youth,female,black,fair,678581,disabled
england&wales,youth,female,other,fair,44737,disabled
england&wales,adult,female,white,fair,242742,disabled
england&wales,adult,female,mixed,fair,206589,disabled
england&wales,adult,female,asian,fair,437012,disabled
england&wales,adult,female,black,fair,24140,disabled
england&wales,adult,female,other,fair,279492,disabled
england&wales,middle aged,female,white,fair,360231,disabled
england&wales,middle aged,female,mixed,fair,805936,disabled
england&wales,middle aged,female,asian,fair,4056,disabled
england&wales,middle aged,female,black,fair,65189,disabled
england&wales,middle aged,female,other,fair,63369,disabled
england&wales,elderly,female,white,fair,75050,disabled
england&wales,elderly,female,mixed,fair,3911893,disabled
england&wales,elderly,female,asian,fair,9403561,disabled
england&wales,elderly,female,black,fair,3222224,disabled
england&wales,elderly,female,other,fair,1793625,disabled
england&wales,youth,female,white,bad,34096,disabled
england&wales,youth,female,mixed,bad,450107,disabled
england&wales,youth,female,asian,bad,358019,disabled
england&wales,youth,female,black,bad,353460,disabled
england&wales,youth,female,other,bad,3068,disabled
england&wales,adult,female,white,bad,21089,disabled
england&wales,adult,female,mixed,bad,14063,disabled
england&wales,adult,female,asian,bad,15501,disabled
england&wales,adult,female,black,bad,262694,disabled
england&wales,adult,female,other,bad,252489,disabled
england&wales,middle aged,female,white,bad,23116,disabled
england&wales,middle aged,female,mixed,bad,8237,disabled
england&wales,middle aged,female,asian,bad,6126,disabled
england&wales,middle aged,female,black,bad,26404,disabled
england&wales,middle aged,female,other,bad,7585,disabled
england&wales,elderly,female,white,bad,6875,disabled
england&wales,elderly,female,mixed,bad,1695,disabled
england&wales,elderly,female,asian,bad,9564,disabled
england&wales,elderly,female,black,bad,4474,disabled
england&wales,elderly,female,other,bad,3608,disabled
england&wales,youth,female,white,good,1161,serverly_limited
england&wales,youth,female,mixed,good,2070,serverly_limited
england&wales,youth,female,asian,good,504,serverly_limited
england&wales,youth,female,black,good,559,serverly_limited
england&wales,youth,female,other,good,969,serverly_limited
england&wales,adult,female,white,good,3500,serverly_limited
england&wales,adult,female,mixed,good,1418,serverly_limited
england&wales,adult,female,asian,good,2250,serverly_limited
england&wales,adult,female,black,good,1018,serverly_limited
england&wales,adult,female,other,good,6190,serverly_limited
england&wales,middle aged,female,white,good,3324,serverly_limited
england&wales,middle aged,female,mixed,good,2899,serverly_limited
england&wales,middle aged,female,asian,good,3013,serverly_limited
england&wales,middle aged,female,black,good,6661,serverly_limited
england&wales,middle aged,female,other,good,1493,serverly_limited
england&wales,elderly,female,white,good,1399,serverly_limited
england&wales,elderly,female,mixed,good,1802,serverly_limited
england&wales,elderly,female,asian,good,8093,serverly_limited
england&wales,elderly,female,black,good,2806,serverly_limited
england&wales,elderly,female,other,good,2813,serverly_limited
england&wales,youth,female,white,fair,325,serverly_limited
england&wales,youth,female,mixed,fair,2283,serverly_limited
england&wales,youth,female,asian,fair,843,serverly_limited
england&wales,youth,female,black,fair,519,serverly_limited
england&wales,youth,female,other,fair,258520,serverly_limited
england&wales,adult,female,white,fair,243758,serverly_limited
england&wales,adult,female,mixed,fair,21119,serverly_limited
england&wales,adult,female,asian,fair,6279,serverly_limited
england&wales,adult,female,black,fair,3355,serverly_limited
england&wales,adult,female,other,fair,14811,serverly_limited
england&wales,middle aged,female,white,fair,3361,serverly_limited
england&wales,middle aged,female,mixed,fair,1812,serverly_limited
england&wales,middle aged,female,asian,fair,352,serverly_limited
england&wales,middle aged,female,black,fair,1091,serverly_limited
england&wales,middle aged,female,other,fair,307,serverly_limited
england&wales,elderly,female,white,fair,190,serverly_limited
england&wales,elderly,female,mixed,fair,489202,serverly_limited
england&wales,elderly,female,asian,fair,1076198,serverly_limited
england&wales,elderly,female,black,fair,146417,serverly_limited
england&wales,elderly,female,other,fair,38857,serverly_limited
england&wales,youth,female,white,bad,13822,serverly_limited
england&wales,youth,female,mixed,bad,105588,serverly_limited
england&wales,youth,female,asian,bad,67881,serverly_limited
england&wales,youth,female,black,bad,49546,serverly_limited
england&wales,youth,female,other,bad,3852,serverly_limited
england&wales,adult,female,white,bad,31637,serverly_limited
england&wales,adult,female,mixed,bad,35378,serverly_limited
england&wales,adult,female,asian,bad,34996,serverly_limited
england&wales,adult,female,black,bad,2481,serverly_limited
england&wales,adult,female,other,bad,5603,serverly_limited
england&wales,middle aged,female,white,bad,2772,serverly_limited
england&wales,middle aged,female,mixed,bad,2637,serverly_limited
england&wales,middle aged,female,asian,bad,1733,serverly_limited
england&wales,middle aged,female,black,bad,9536,serverly_limited
england&wales,middle aged,female,other,bad,11379,serverly_limited
england&wales,elderly,female,white,bad,16055,serverly_limited
england&wales,elderly,female,mixed,bad,2200,serverly_limited
england&wales,elderly,female,asian,bad,18685,serverly_limited
england&wales,elderly,female,black,bad,25241,serverly_limited
england&wales,elderly,female,other,bad,28804,serverly_limited
england&wales,youth,female,white,good,4498,limited
england&wales,youth,female,mixed,good,21618,limited
england&wales,youth,female,asian,good,11370,limited
england&wales,youth,female,black,good,7808,limited
england&wales,youth,female,other,good,2595,limited
england&wales,adult,female,white,good,27934,limited
england&wales,adult,female,mixed,good,27019,limited
england&wales,adult,female,asian,good,21963,limited
england&wales,adult,female,black,good,620,limited
england&wales,adult,female,other,good,8052,limited
england&wales,middle aged,female,white,good,7875,limited
england&wales,middle aged,female,mixed,good,4727,limited
england&wales,middle aged,female,asian,good,482223,limited
england&wales,middle aged,female,black,good,1048977,limited
england&wales,middle aged,female,other,good,132275,limited
england&wales,elderly,female,white,good,28412,limited
england&wales,elderly,female,mixed,good,9494,limited
england&wales,elderly,female,asian,good,68118,limited
england&wales,elderly,female,black,good,29483,limited
england&wales,elderly,female,other,good,11528,limited
england&wales,youth,female,white,fair,1032,limited
england&wales,youth,female,mixed,fair,4900,limited
england&wales,youth,female,asian,fair,2262,limited
england&wales,youth,female,black,fair,1465,limited
england&wales,youth,female,other,fair,243572,limited
england&wales,adult,female,white,fair,480275,limited
england&wales,adult,female,mixed,fair,73420,limited
england&wales,adult,female,asian,fair,23308,limited
england&wales,adult,female,black,fair,6146,limited
england&wales,adult,female,other,fair,49892,limited
england&wales,middle aged,female,white,fair,22520,limited
england&wales,middle aged,female,mixed,fair,25586,limited
england&wales,middle aged,female,asian,fair,1815,limited
england&wales,middle aged,female,black,fair,15943,limited
england&wales,middle aged,female,other,fair,10095,limited
england&wales,elderly,female,white,fair,14118,limited
england&wales,elderly,female,mixed,fair,1339,limited
england&wales,elderly,female,asian,fair,3817,limited
england&wales,elderly,female,black,fair,1386,limited
england&wales,elderly,female,other,fair,1719,limited
england&wales,youth,female,white,bad,800,limited
england&wales,youth,female,mixed,bad,5645,limited
england&wales,youth,female,asian,bad,3944,limited
england&wales,youth,female,black,bad,7788,limited
england&wales,youth,female,other,bad,892,limited
england&wales,adult,female,white,bad,9692,limited
england&wales,adult,female,mixed,bad,7064,limited
england&wales,adult,female,asian,bad,11323,limited
england&wales,adult,female,black,bad,2370,limited
england&wales,adult,female,other,bad,10786,limited
england&wales,middle aged,female,white,bad,4093,limited
england&wales,middle aged,female,mixed,bad,4009,limited
england&wales,middle aged,female,asian,bad,1483,limited
england&wales,middle aged,female,black,bad,13300,limited
england&wales,middle aged,female,other,bad,7393,limited
england&wales,elderly,female,white,bad,10290,limited
england&wales,elderly,female,mixed,bad,330,limited
england&wales,elderly,female,asian,bad,3682,limited
england&wales,elderly,female,black,bad,2058,limited
england&wales,elderly,female,other,bad,2056,limited
england&wales,youth,female,white,good,239863,not_limited
england&wales,youth,female,mixed,good,465672,not_limited
england&wales,youth,female,asian,good,67941,not_limited
england&wales,youth,female,black,good,17580,not_limited
england&wales,youth,female,other,good,3863,not_limited
england&wales,adult,female,white,good,30947,not_limited
england&wales,adult,female,mixed,good,11183,not_limited
england&wales,adult,female,asian,good,7508,not_limited
england&wales,adult,female,black,good,593,not_limited
england&wales,adult,female,other,good,2569,not_limited
england&wales,middle aged,female,white,good,973,not_limited
england&wales,middle aged,female,mixed,good,739,not_limited
england&wales,middle aged,female,asian,good,62641,not_limited
england&wales,middle aged,female,black,good,127234,not_limited
england&wales,middle aged,female,other,good,15805,not_limited
england&wales,elderly,female,white,good,4343,not_limited
england&wales,elderly,female,mixed,good,1772,not_limited
england&wales,elderly,female,asian,good,13304,not_limited
england&wales,elderly,female,black,good,6405,not_limited
england&wales,elderly,female,other,good,4857,not_limited
england&wales,youth,female,white,fair,690,not_limited
england&wales,youth,female,mixed,fair,5901,not_limited
england&wales,youth,female,asian,fair,4554,not_limited
england&wales,youth,female,black,fair,3622,not_limited
england&wales,youth,female,other,fair,364,not_limited
england&wales,adult,female,white,fair,763,not_limited
england&wales,adult,female,mixed,fair,276,not_limited
england&wales,adult,female,asian,fair,245,not_limited
england&wales,adult,female,black,fair,205,not_limited
england&wales,adult,female,other,fair,1355,not_limited
england&wales,middle aged,female,white,fair,1166,not_limited
england&wales,middle aged,female,mixed,fair,1537,not_limited
england&wales,middle aged,female,asian,fair,296,not_limited
england&wales,middle aged,female,black,fair,3630,not_limited
england&wales,middle aged,female,other,fair,3307,not_limited
england&wales,elderly,female,white,fair,2994,not_limited
england&wales,elderly,female,mixed,fair,550,not_limited
england&wales,elderly,female,asian,fair,2917,not_limited
england&wales,elderly,female,black,fair,1149,not_limited
england&wales,elderly,female,other,fair,784,not_limited
england&wales,youth,female,white,bad,381,not_limited
england&wales,youth,female,mixed,bad,4150,not_limited
england&wales,youth,female,asian,bad,2661,not_limited
england&wales,youth,female,black,bad,2204,not_limited
england&wales,youth,female,other,bad,111,not_limited
england&wales,adult,female,white,bad,1449,not_limited
england&wales,adult,female,mixed,bad,984,not_limited
england&wales,adult,female,asian,bad,491,not_limited
england&wales,adult,female,black,bad,61727,not_limited
england&wales,adult,female,other,bad,123554,not_limited
england&wales,middle aged,female,white,bad,14380,not_limited
england&wales,middle aged,female,mixed,bad,3314,not_limited
england&wales,middle aged,female,asian,bad,1186,not_limited
england&wales,middle aged,female,black,bad,7799,not_limited
england&wales,middle aged,female,other,bad,2578,not_limited
england&wales,elderly,female,white,bad,1116,not_limited
england&wales,elderly,female,mixed,bad,283,not_limited
england&wales,elderly,female,asian,bad,822,not_limited
england&wales,elderly,female,black,bad,263,not_limited
england&wales,elderly,female,other,bad,137,not_limited
